{"cameraMode":{"drawMode":0,"name":"Shaded","section":"Shading Mode"},"sceneLighting":true,"audioPlay":false,"sceneViewState":{"m_AlwaysRefresh":false,"showFog":true,"showSkybox":true,"showFlares":true,"showImageEffects":true,"showParticleSystems":true,"showVisualEffectGraphs":true,"m_FxEnabled":true},"in2DMode":false,"pivot":{"x":40.558753967285159,"y":5.609971523284912,"z":-43.83100891113281},"rotation":{"x":0.424751341342926,"y":0.02715255878865719,"z":-0.012746358290314675,"w":0.9048133492469788},"size":0.5156427621841431,"orthographic":false}