{"cameraMode":{"drawMode":0,"name":"Shaded","section":"Shading Mode"},"sceneLighting":true,"audioPlay":false,"sceneViewState":{"m_AlwaysRefresh":false,"showFog":true,"showSkybox":true,"showFlares":true,"showImageEffects":true,"showParticleSystems":true,"showVisualEffectGraphs":true,"m_FxEnabled":true},"in2DMode":false,"pivot":{"x":33.0099983215332,"y":1.059999942779541,"z":-61.349998474121097},"rotation":{"x":0.0010858946479856969,"y":-0.7958450317382813,"z":0.6055051684379578,"w":0.001432480406947434},"size":6.2867817878723148,"orthographic":false}