{"cameraMode":{"drawMode":0,"name":"Shaded","section":"Shading Mode"},"sceneLighting":true,"audioPlay":false,"sceneViewState":{"m_AlwaysRefresh":false,"showFog":true,"showSkybox":true,"showFlares":true,"showImageEffects":true,"showParticleSystems":true,"showVisualEffectGraphs":true,"m_FxEnabled":true},"in2DMode":false,"pivot":{"x":29.532855987548829,"y":-36.58879852294922,"z":-81.01410675048828},"rotation":{"x":-0.013057754375040532,"y":-0.8683376312255859,"z":0.49533551931381228,"w":-0.022929999977350236},"size":27.01803207397461,"orthographic":false}